Market,Ticker,Price,SMA_150,SMA_200,RS,VCP_Contractions,VCP_Pattern,Pivot,Distance_to_Pivot_%,Volume_Dryup,Status,Stop_Level,Volume_Spike_Ratio,RS_Divergence_%
BIST,SKBNK,12.49,8.76,8.28,,0,NO_VCP,12.5,0.08,,PIVOT_NEAR,11.62,1.7,43.26
BIST,BARMA,56.2,33.97,30.25,,0,NO_VCP,56.25,0.09,,PIVOT_NEAR,52.27,1.32,44.57
BIST,RGYAS,179.0,151.45,147.87,,0,NO_VCP,179.3,0.17,,PIVOT_NEAR,166.47,1.18,6.08
BIST,DOHOL,21.48,18.88,18.4,,0,NO_VCP,21.52,0.19,,PIVOT_NEAR,19.98,0.91,-2.36
BIST,ALBRK,9.21,8.12,8.19,,0,NO_VCP,9.23,0.22,,PIVOT_NEAR,8.57,2.63,-1.15
BIST,KLMSN,36.8,32.75,31.99,,0,NO_VCP,36.88,0.22,,PIVOT_NEAR,34.22,5.1,14.66
BIST,EBEBK,72.8,58.77,56.96,,5,FORMING,73.05,0.34,,PIVOT_NEAR,67.7,0.53,11.68
BIST,PINSU,12.97,12.03,11.45,,0,NO_VCP,13.02,0.38,,PIVOT_NEAR,12.06,2.37,0.72
BIST,ASUZU,71.2,60.07,60.59,,0,NO_VCP,71.5,0.42,,PIVOT_NEAR,66.22,1.25,4.95
BIST,GLBMD,12.84,12.67,12.75,,4,FORMING,12.9,0.47,,PIVOT_NEAR,11.94,1.29,-14.38
BIST,GESAN,51.15,47.35,47.52,,0,NO_VCP,51.45,0.58,,PIVOT_NEAR,47.57,1.42,-14.33
BIST,AKSEN,82.95,61.17,55.51,,3,FORMING,83.45,0.6,,PIVOT_NEAR,77.14,0.98,9.42
BIST,MGROS,659.5,555.53,540.22,,5,FORMING,663.5,0.6,,PIVOT_NEAR,613.34,0.94,-7.13
BIST,UNLU,119.3,115.73,114.75,,4,FORMING,120.1,0.67,,PIVOT_NEAR,110.95,0.73,-18.59
BIST,EREGL,32.0,27.22,27.33,,0,NO_VCP,32.22,0.68,,PIVOT_NEAR,29.76,1.6,11.54
BIST,DOAS,191.0,181.78,179.66,,5,FORMING,192.4,0.73,,PIVOT_NEAR,177.63,1.44,-20.2
BIST,ADGYO,61.7,53.39,50.14,,0,NO_VCP,62.2,0.8,,PIVOT_NEAR,57.38,1.61,-12.0
BIST,CIMSA,53.25,46.82,47.25,,0,NO_VCP,53.7,0.84,,PIVOT_NEAR,49.52,0.96,5.19
BIST,GRNYO,17.15,15.32,14.33,,0,NO_VCP,17.3,0.87,,PIVOT_NEAR,15.95,3.97,-22.79
BIST,IEYHO,96.8,61.74,49.8,,4,FORMING,97.75,0.97,,PIVOT_NEAR,90.02,0.98,24.63
BIST,CCOLA,74.75,60.91,58.22,,0,NO_VCP,75.5,0.99,,PIVOT_NEAR,69.52,1.47,-2.91
BIST,BIMAS,744.0,598.82,575.58,,4,FORMING,751.5,1.0,,PIVOT_NEAR,691.92,1.1,6.06
BIST,ALCTL,33.98,21.6,20.9,,0,NO_VCP,33.98,,,PIVOT_NEAR,31.6,1.08,23.37
BIST,ANELE,50.9,17.23,18.23,,0,NO_VCP,50.9,,,PIVOT_NEAR,47.34,0.77,188.84
BIST,AVGYO,14.75,12.65,12.58,,0,NO_VCP,14.75,,,PIVOT_NEAR,13.72,2.47,34.0
BIST,BLUME,60.8,60.15,58.08,,0,NO_VCP,60.8,,,PIVOT_NEAR,56.54,,-13.65
BIST,DOGUB,123.9,48.37,41.41,,0,NO_VCP,123.9,,,PIVOT_NEAR,115.23,2.01,158.78
BIST,EDATA,20.96,8.52,7.67,,0,NO_VCP,20.96,,,PIVOT_NEAR,19.49,0.22,153.02
BIST,FLAP,12.65,9.87,9.77,,0,NO_VCP,12.65,,,PIVOT_NEAR,11.76,3.25,30.26
BIST,GMTAS,33.74,23.22,19.91,,0,NO_VCP,33.74,,,PIVOT_NEAR,31.38,1.87,20.56
BIST,GSDDE,16.06,12.54,11.64,,0,NO_VCP,16.06,,,PIVOT_NEAR,14.94,1.33,18.42
BIST,GSDHO,5.06,4.64,4.61,,4,FORMING,5.06,,,PIVOT_NEAR,4.71,0.6,-1.95
BIST,INDES,10.0,8.08,8.0,,4,FORMING,10.0,,,PIVOT_NEAR,9.3,1.0,14.62
BIST,KAPLM,664.5,407.32,362.24,,0,NO_VCP,664.5,,,PIVOT_NEAR,617.99,1.72,76.34
BIST,KARSN,10.36,10.03,10.15,,0,NO_VCP,10.36,,,PIVOT_NEAR,9.63,1.31,-5.51
BIST,KORDS,62.5,54.58,56.44,,0,NO_VCP,62.5,,,PIVOT_NEAR,58.12,1.25,8.9
BIST,KTSKR,115.7,72.47,69.75,,0,NO_VCP,115.7,,,PIVOT_NEAR,107.6,0.78,57.5
BIST,MAALT,1459.0,1028.49,1047.29,,0,NO_VCP,1459.0,,,PIVOT_NEAR,1356.87,1.01,41.56
BIST,MPARK,455.0,385.81,380.19,,0,NO_VCP,455.0,,,PIVOT_NEAR,423.15,1.29,-1.51
BIST,PRZMA,25.84,13.66,14.02,,0,NO_VCP,25.84,,,PIVOT_NEAR,24.03,1.83,95.24
BIST,SURGY,67.25,51.13,52.69,,0,NO_VCP,67.25,,,PIVOT_NEAR,62.54,4.24,37.81
BIST,TRGYO,96.95,79.76,77.83,,3,FORMING,96.95,,,PIVOT_NEAR,90.16,1.2,9.9
BIST,ULUSE,196.5,178.55,185.27,,0,NO_VCP,196.5,,,PIVOT_NEAR,182.75,3.37,5.87
US,O,64.64,60.38,59.73,50.0,5,FORMING,64.65,0.02,False,PIVOT_NEAR,60.12,0.57,
US,ALB,215.62,138.81,123.09,50.0,0,NO_VCP,215.69,0.03,False,PIVOT_NEAR,200.53,2.53,
US,WPC,72.89,68.49,67.56,50.0,6,FORMING,72.91,0.03,False,PIVOT_NEAR,67.79,0.85,
US,XPO,222.12,158.56,151.28,50.0,6,FORMING,222.22,0.05,False,PIVOT_NEAR,206.57,1.52,
US,SLAB,212.28,158.6,153.15,50.0,5,TIGHT,212.43,0.07,True,PIVOT_NEAR,197.42,0.85,
US,VTRS,14.01,12.2,11.59,50.0,5,FORMING,14.02,0.07,False,PIVOT_NEAR,13.03,1.06,
US,HOLX,76.01,73.07,71.34,50.0,6,TIGHT,76.07,0.08,False,PIVOT_NEAR,70.69,,
US,AES,14.5,14.34,14.0,50.0,4,TIGHT,14.52,0.1,False,PIVOT_NEAR,13.49,0.67,
US,HR,18.31,17.69,17.42,50.0,5,FORMING,18.33,0.11,False,PIVOT_NEAR,17.03,0.71,
US,KRG,25.99,23.63,23.3,50.0,4,FORMING,26.02,0.12,False,PIVOT_NEAR,24.17,0.8,
US,RNR,314.62,275.55,266.99,50.0,7,FORMING,315.0,0.12,False,PIVOT_NEAR,292.6,0.79,
US,MPWR,1402.81,1031.73,971.14,50.0,0,NO_VCP,1404.6,0.13,False,PIVOT_NEAR,1304.61,0.85,
US,WELL,214.51,191.04,183.97,50.0,4,FORMING,214.84,0.15,False,PIVOT_NEAR,199.49,0.45,
US,CBOE,309.38,263.39,257.72,50.0,6,FORMING,309.87,0.16,False,PIVOT_NEAR,287.72,1.04,
US,INTC,68.5,41.81,37.05,50.0,0,NO_VCP,68.61,0.16,False,PIVOT_NEAR,63.71,1.01,
US,AFL,113.71,110.45,108.81,50.0,6,FORMING,113.9,0.17,False,PIVOT_NEAR,105.75,0.57,
US,APH,148.96,135.76,128.42,50.0,0,NO_VCP,149.21,0.17,False,PIVOT_NEAR,138.53,0.8,
US,EQIX,1070.9,845.19,828.76,50.0,4,FORMING,1072.88,0.18,False,PIVOT_NEAR,995.94,0.83,
US,JBL,310.1,235.17,230.71,50.0,0,NO_VCP,310.76,0.21,False,PIVOT_NEAR,288.39,0.51,
US,LAMR,135.15,127.95,127.0,50.0,5,FORMING,135.43,0.21,False,PIVOT_NEAR,125.69,0.67,
US,BHF,62.3,59.73,56.81,50.0,6,FORMING,62.44,0.23,False,PIVOT_NEAR,57.94,0.8,
US,IRM,117.73,97.74,97.1,50.0,0,NO_VCP,118.02,0.25,False,PIVOT_NEAR,109.49,1.29,
US,KIM,23.75,21.56,21.59,50.0,5,FORMING,23.81,0.25,False,PIVOT_NEAR,22.09,1.1,
US,FR,62.4,57.24,55.38,50.0,3,FORMING,62.56,0.26,False,PIVOT_NEAR,58.03,0.77,
US,CRUS,164.84,130.05,124.61,50.0,0,NO_VCP,165.28,0.27,False,PIVOT_NEAR,153.3,1.38,
US,GATX,197.0,173.27,169.61,50.0,3,FORMING,197.54,0.27,False,PIVOT_NEAR,183.21,0.53,
US,NNN,44.73,42.17,42.24,50.0,6,FORMING,44.86,0.28,False,PIVOT_NEAR,41.6,0.57,
US,ASH,57.47,55.39,54.84,50.0,5,FORMING,57.64,0.29,False,PIVOT_NEAR,53.45,0.61,
US,SAIA,422.56,334.46,325.86,50.0,5,FORMING,423.81,0.29,False,PIVOT_NEAR,392.98,1.32,
US,AIZ,224.65,224.03,218.1,50.0,5,FORMING,225.32,0.3,False,PIVOT_NEAR,208.92,0.77,
US,AVGO,398.47,344.63,332.51,50.0,0,NO_VCP,399.68,0.3,False,PIVOT_NEAR,370.58,0.72,
US,BRX,30.28,27.49,27.25,50.0,4,FORMING,30.38,0.31,False,PIVOT_NEAR,28.16,0.52,
US,CAVA,91.24,65.56,69.0,50.0,5,FORMING,91.52,0.31,False,PIVOT_NEAR,84.85,1.08,
US,CSCO,84.5,75.8,73.93,50.0,3,FORMING,84.77,0.32,False,PIVOT_NEAR,78.59,0.63,
US,WEX,175.5,155.11,157.71,50.0,0,NO_VCP,176.07,0.32,False,PIVOT_NEAR,163.22,0.76,
US,STAG,38.82,37.68,37.19,50.0,5,FORMING,38.95,0.33,False,PIVOT_NEAR,36.1,0.56,
US,GL,149.68,139.31,137.8,50.0,4,FORMING,150.19,0.34,False,PIVOT_NEAR,139.2,0.58,
US,REG,79.65,72.59,72.28,50.0,5,FORMING,79.92,0.34,False,PIVOT_NEAR,74.07,0.68,
US,LSCC,111.88,80.99,75.31,50.0,0,NO_VCP,112.27,0.35,False,PIVOT_NEAR,104.05,0.88,
US,ARMK,44.31,39.11,39.62,50.0,5,FORMING,44.47,0.36,False,PIVOT_NEAR,41.21,0.95,
US,DELL,193.09,139.77,137.15,50.0,5,FORMING,193.8,0.37,False,PIVOT_NEAR,179.57,1.05,
US,FCFS,207.03,169.31,161.25,50.0,5,FORMING,207.79,0.37,False,PIVOT_NEAR,192.54,0.68,
US,AMD,278.26,215.04,201.74,50.0,0,NO_VCP,279.34,0.39,False,PIVOT_NEAR,258.78,1.77,
US,MASI,178.29,151.35,151.95,50.0,6,TIGHT,179.0,0.4,True,PIVOT_NEAR,165.81,0.47,
US,GTLS,207.66,204.54,200.24,50.0,4,TIGHT,208.51,0.41,False,PIVOT_NEAR,193.12,0.49,
US,TXN,223.1,187.72,190.64,50.0,3,FORMING,224.02,0.41,False,PIVOT_NEAR,207.48,1.1,
US,EA,203.37,199.69,190.3,50.0,5,TIGHT,204.22,0.42,False,PIVOT_NEAR,189.13,0.75,
US,TGT,123.91,102.36,102.07,50.0,5,FORMING,124.46,0.44,False,PIVOT_NEAR,115.24,0.77,
US,STX,531.81,322.06,280.91,50.0,5,FORMING,534.23,0.45,False,PIVOT_NEAR,494.58,0.79,
US,IDCC,375.16,345.47,322.43,50.0,0,NO_VCP,376.92,0.47,False,PIVOT_NEAR,348.9,0.37,
US,ILMN,132.72,121.97,116.36,50.0,0,NO_VCP,133.37,0.49,False,PIVOT_NEAR,123.43,0.95,
US,FLEX,79.92,63.18,60.35,50.0,0,NO_VCP,80.33,0.51,False,PIVOT_NEAR,74.33,0.84,
US,WST,269.81,261.03,255.54,50.0,5,FORMING,271.29,0.55,False,PIVOT_NEAR,250.92,0.76,
US,ADI,353.8,284.55,273.09,50.0,4,FORMING,355.78,0.56,False,PIVOT_NEAR,329.03,0.68,
US,FOX,57.9,57.52,56.21,50.0,4,FORMING,58.23,0.57,False,PIVOT_NEAR,53.85,0.57,
US,FOXA,64.52,63.95,62.25,50.0,4,FORMING,64.89,0.57,False,PIVOT_NEAR,60.0,0.57,
US,TXNM,58.99,58.21,57.85,50.0,4,TIGHT,59.33,0.57,False,PIVOT_NEAR,54.86,0.56,
US,MCHP,76.87,66.81,67.25,50.0,0,NO_VCP,77.32,0.58,False,PIVOT_NEAR,71.49,0.84,
US,SNX,208.8,158.52,155.25,50.0,5,FORMING,210.02,0.58,False,PIVOT_NEAR,194.18,0.53,
US,FDX,380.88,301.81,283.93,50.0,6,FORMING,383.18,0.6,False,PIVOT_NEAR,354.22,0.65,
US,FRT,110.04,101.8,100.27,50.0,5,FORMING,110.7,0.6,False,PIVOT_NEAR,102.34,0.58,
US,HLT,330.38,287.73,283.62,50.0,4,FORMING,332.41,0.61,False,PIVOT_NEAR,307.25,0.59,
US,UPS,105.06,98.77,97.17,50.0,5,FORMING,105.74,0.64,False,PIVOT_NEAR,97.71,0.82,
US,SYNA,79.31,75.12,73.16,50.0,0,NO_VCP,79.84,0.66,False,PIVOT_NEAR,73.76,1.05,
US,UNP,251.07,236.15,233.51,50.0,6,TIGHT,252.73,0.66,False,PIVOT_NEAR,233.5,0.95,
US,CAR,448.98,142.73,149.91,50.0,0,NO_VCP,452.0,0.67,False,PIVOT_NEAR,417.55,2.0,
US,CSX,42.72,37.42,36.64,50.0,4,FORMING,43.01,0.67,False,PIVOT_NEAR,39.73,0.82,
US,VFC,20.12,17.28,16.23,50.0,0,NO_VCP,20.26,0.69,False,PIVOT_NEAR,18.71,1.23,
US,BALL,63.37,54.88,55.0,50.0,6,FORMING,63.82,0.71,False,PIVOT_NEAR,58.93,1.04,
US,BK,134.84,114.99,111.32,50.0,4,FORMING,135.8,0.71,False,PIVOT_NEAR,125.4,1.51,
US,ON,79.93,57.09,56.16,50.0,0,NO_VCP,80.5,0.71,False,PIVOT_NEAR,74.33,2.41,
US,PNW,104.17,93.12,92.55,50.0,5,FORMING,104.92,0.71,False,PIVOT_NEAR,96.88,0.84,
US,SBRA,20.66,19.15,19.02,50.0,4,FORMING,20.81,0.72,False,PIVOT_NEAR,19.21,0.61,
US,SITM,470.56,340.18,308.92,50.0,0,NO_VCP,474.0,0.73,False,PIVOT_NEAR,437.62,0.58,
US,BEN,26.55,24.33,24.48,50.0,3,FORMING,26.75,0.75,False,PIVOT_NEAR,24.69,0.73,
US,NTRS,156.77,137.79,135.33,50.0,4,FORMING,157.97,0.76,False,PIVOT_NEAR,145.8,1.05,
US,NUE,191.85,161.22,156.56,50.0,5,FORMING,193.34,0.77,False,PIVOT_NEAR,178.42,0.73,
US,TEL,236.48,224.96,217.77,50.0,5,FORMING,238.31,0.77,False,PIVOT_NEAR,219.93,0.9,
US,JLL,334.27,317.35,307.73,50.0,4,FORMING,336.97,0.8,False,PIVOT_NEAR,310.87,0.61,
US,KEX,143.48,113.08,111.03,50.0,5,FORMING,144.64,0.8,False,PIVOT_NEAR,133.44,0.61,
US,SBUX,98.36,89.32,89.76,50.0,3,FORMING,99.18,0.83,False,PIVOT_NEAR,91.47,0.75,
US,EGP,196.89,181.52,177.52,50.0,6,FORMING,198.61,0.87,False,PIVOT_NEAR,183.11,1.22,
US,PEP,158.38,150.68,148.82,50.0,3,FORMING,159.79,0.88,False,PIVOT_NEAR,147.29,1.54,
US,WBS,72.16,64.06,62.87,50.0,5,TIGHT,72.8,0.88,True,PIVOT_NEAR,67.11,0.4,
US,CHRW,181.61,160.65,148.68,50.0,0,NO_VCP,183.25,0.89,False,PIVOT_NEAR,168.9,2.27,
US,EBAY,101.96,89.1,88.75,50.0,4,FORMING,102.91,0.92,False,PIVOT_NEAR,94.82,0.89,
US,NSA,42.21,32.27,32.05,50.0,5,FORMING,42.6,0.92,True,PIVOT_NEAR,39.26,0.55,
US,MRNA,54.68,36.68,34.67,50.0,0,NO_VCP,55.2,0.94,False,PIVOT_NEAR,50.85,0.86,
US,SPG,201.35,186.54,182.33,50.0,5,FORMING,203.29,0.95,False,PIVOT_NEAR,187.26,0.81,
US,ADC,78.93,74.35,73.93,50.0,7,FORMING,79.7,0.97,False,PIVOT_NEAR,73.4,0.79,
US,FLG,14.25,12.57,12.39,50.0,5,FORMING,14.39,0.97,False,PIVOT_NEAR,13.25,0.52,
US,AMZN,249.7,225.11,225.43,50.0,0,NO_VCP,252.18,0.98,False,PIVOT_NEAR,232.22,0.9,
US,ANET,161.01,137.12,133.92,50.0,0,NO_VCP,161.01,,False,PIVOT_NEAR,149.74,0.91,
US,DLR,199.05,169.5,169.75,50.0,3,FORMING,199.05,,False,PIVOT_NEAR,185.12,0.77,
US,NSC,302.63,292.61,288.28,50.0,5,FORMING,302.63,,False,PIVOT_NEAR,281.45,1.03,
BIST,ALKIM,18.96,18.43,18.25,,0,NO_VCP,19.17,1.1,,SETUP,17.63,1.1,-20.62
BIST,TRHOL,1221.0,626.87,521.92,,0,NO_VCP,1235.0,1.13,,SETUP,1135.53,1.32,57.6
BIST,ELITE,31.2,26.67,25.47,,0,NO_VCP,31.56,1.14,,SETUP,29.02,1.12,9.38
BIST,EGEPO,15.29,9.69,9.41,,0,NO_VCP,15.48,1.23,,SETUP,14.22,0.54,56.24
BIST,EDIP,36.2,35.46,35.43,,5,FORMING,36.66,1.25,,SETUP,33.67,0.65,-11.28
BIST,EGEGY,33.44,27.82,27.27,,0,NO_VCP,33.9,1.36,,SETUP,31.1,1.1,4.26
BIST,AKBNK,77.4,68.62,67.76,,0,NO_VCP,78.5,1.4,,SETUP,71.98,1.18,-5.7
BIST,ATEKS,70.0,59.78,60.33,,0,NO_VCP,71.0,1.41,,SETUP,65.1,2.29,3.21
BIST,GARAN,138.7,135.47,135.82,,0,NO_VCP,140.7,1.42,,SETUP,128.99,1.29,-14.88
BIST,MAGEN,63.9,39.65,34.48,,0,NO_VCP,64.85,1.46,,SETUP,59.43,1.76,40.16
BIST,ETYAT,8.3,8.07,7.37,,0,NO_VCP,8.43,1.54,,SETUP,7.72,1.09,-2.94
BIST,AYCES,1305.0,554.42,536.73,,0,NO_VCP,1327.0,1.66,,SETUP,1213.65,0.75,159.72
BIST,DURDO,4.06,3.73,3.78,,0,NO_VCP,4.13,1.69,,SETUP,3.78,1.07,-3.32
BIST,VERUS,505.0,307.11,326.18,,0,NO_VCP,514.0,1.75,,SETUP,469.65,0.6,40.78
BIST,TCELL,115.7,103.1,100.52,,0,NO_VCP,117.8,1.78,,SETUP,107.6,1.11,0.12
BIST,ECZYT,370.0,310.12,285.63,,0,NO_VCP,376.75,1.79,,SETUP,344.1,0.71,8.06
BIST,RUZYE,13.49,12.56,11.84,,0,NO_VCP,13.74,1.82,,SETUP,12.55,1.24,-2.54
BIST,CLEBI,1854.0,1668.23,1670.89,,3,FORMING,1889.0,1.85,,SETUP,1724.22,1.22,-7.89
BIST,OYAKC,25.16,23.3,23.16,,5,FORMING,25.64,1.87,,SETUP,23.4,0.77,-11.46
BIST,PETUN,12.57,12.04,12.01,,5,FORMING,12.81,1.87,,SETUP,11.69,0.68,-7.98
BIST,ANSGR,27.26,23.3,22.89,,4,FORMING,27.8,1.94,,SETUP,25.35,1.18,-1.51
BIST,PRDGS,7.57,6.6,6.66,,0,NO_VCP,7.72,1.94,,SETUP,7.04,1.73,0.43
BIST,GATEG,338.25,127.72,97.64,,0,NO_VCP,345.0,1.96,,SETUP,314.57,1.28,2187.37
BIST,GEREL,37.94,21.94,21.69,,0,NO_VCP,38.7,1.96,,SETUP,35.28,1.31,81.31
BIST,YKBNK,38.06,35.69,34.96,,0,NO_VCP,38.82,1.96,,SETUP,35.4,1.33,-11.45
BIST,INVES,546.0,328.6,355.41,,0,NO_VCP,557.0,1.97,,SETUP,507.78,0.41,52.69
BIST,TSKB,44.16,42.05,39.98,,5,FORMING,45.08,2.04,,SETUP,41.07,0.87,-6.41
BIST,KRDMB,73.65,32.0,30.73,,0,NO_VCP,75.2,2.06,,SETUP,68.49,0.93,163.23
BIST,PRKME,13.1,12.04,11.91,,0,NO_VCP,13.38,2.09,,SETUP,12.18,0.78,4.26
BIST,ALGYO,8.89,8.33,8.41,,0,NO_VCP,9.09,2.2,,SETUP,8.27,1.1,-3.9
BIST,PAMEL,97.3,87.41,94.04,,0,NO_VCP,99.5,2.21,,SETUP,90.49,3.51,-2.6
BIST,MOBTL,641.0,550.06,536.59,,0,NO_VCP,656.0,2.29,,SETUP,596.13,1.07,-8.22
BIST,ARDYZ,45.88,36.11,34.39,,0,NO_VCP,46.98,2.34,,SETUP,42.67,2.21,-8.56
BIST,ANHYT,113.8,98.83,93.67,,4,FORMING,116.55,2.36,,SETUP,105.83,1.32,1.9
BIST,KCHOL,207.0,184.86,182.9,,4,FORMING,212.0,2.36,,SETUP,192.51,0.78,-5.28
BIST,AKFGY,2.85,2.78,2.8,,5,FORMING,2.92,2.4,,SETUP,2.65,0.66,-15.6
BIST,ZEDUR,9.0,8.45,8.55,,0,NO_VCP,9.23,2.49,,SETUP,8.37,1.83,-1.85
BIST,SISE,47.88,40.74,40.27,,4,FORMING,49.14,2.56,,SETUP,44.53,1.25,7.66
BIST,ERBOS,199.7,189.54,186.37,,5,FORMING,205.2,2.68,,SETUP,185.72,0.96,-10.45
BIST,KMPUR,18.18,16.31,16.25,,0,NO_VCP,18.68,2.68,,SETUP,16.91,0.87,10.61
BIST,TABGD,253.5,240.32,231.27,,6,FORMING,260.5,2.69,,SETUP,235.76,1.08,-8.03
BIST,OZGYO,2.16,2.04,2.06,,0,NO_VCP,2.22,2.7,,SETUP,2.01,0.55,-5.5
BIST,AGESA,237.0,207.93,195.39,,0,NO_VCP,243.6,2.71,,SETUP,220.41,1.74,2.32
BIST,IZENR,10.6,9.59,9.28,,0,NO_VCP,10.9,2.75,,SETUP,9.86,3.65,9.2
BIST,VANGD,82.0,52.85,50.49,,0,NO_VCP,84.35,2.79,,SETUP,76.26,2.5,23.36
BIST,METRO,6.48,5.12,4.79,,0,NO_VCP,6.67,2.85,,SETUP,6.03,1.62,26.91
BIST,ISDMR,43.9,39.13,38.89,,5,FORMING,45.22,2.92,,SETUP,40.83,1.17,2.67
BIST,ICUGS,3.91,2.96,3.09,,0,NO_VCP,4.03,2.98,,SETUP,3.64,1.71,38.49
BIST,OBASE,37.44,35.98,36.27,,0,NO_VCP,38.6,3.01,,SETUP,34.82,2.87,-3.73
BIST,ENJSA,118.8,90.07,83.75,,0,NO_VCP,122.5,3.02,,SETUP,110.48,1.35,15.83
BIST,ODINE,899.0,371.68,310.32,,0,NO_VCP,927.0,3.02,,SETUP,836.07,0.45,145.05
BIST,KAREL,9.28,9.26,9.23,,0,NO_VCP,9.57,3.03,,SETUP,8.63,1.09,-9.73
BIST,RNPOL,3.19,2.17,2.07,,0,NO_VCP,3.29,3.04,,SETUP,2.97,1.44,23.67
BIST,KTLEV,105.0,34.64,28.58,,0,NO_VCP,108.3,3.05,,SETUP,97.65,0.43,180.39
BIST,ALKLC,408.0,187.6,157.62,,0,NO_VCP,421.5,3.2,,SETUP,379.44,0.84,77.0
BIST,TARKM,401.0,379.4,382.57,,0,NO_VCP,415.0,3.37,,SETUP,372.93,3.22,3.94
BIST,ASELS,414.0,261.65,240.12,,0,NO_VCP,429.0,3.5,,SETUP,385.02,0.74,9.02
BIST,MEGMT,79.6,53.68,47.93,,4,FORMING,82.55,3.57,,SETUP,74.03,0.82,25.75
BIST,ALVES,3.76,3.07,3.08,,0,NO_VCP,3.9,3.59,,SETUP,3.5,1.32,23.48
BIST,BSOKE,35.26,22.12,20.12,,0,NO_VCP,36.64,3.77,,SETUP,32.79,0.62,36.39
BIST,HLGYO,5.58,4.29,4.16,,0,NO_VCP,5.8,3.79,,SETUP,5.19,1.07,21.46
BIST,BASGZ,51.6,43.64,41.44,,5,FORMING,53.75,4.0,,SETUP,47.99,0.82,9.79
BIST,CGCAM,36.48,36.28,35.91,,0,NO_VCP,38.0,4.0,,SETUP,33.93,1.56,-6.36
BIST,TRCAS,45.6,42.74,40.95,,4,FORMING,47.5,4.0,,SETUP,42.41,0.66,-8.33
BIST,BURVA,1159.0,545.34,437.53,,0,NO_VCP,1209.0,4.14,,SETUP,1077.87,1.11,145.1
BIST,SEKUR,8.05,4.26,4.09,,0,NO_VCP,8.4,4.17,,SETUP,7.49,0.72,117.01
BIST,CRDFA,29.92,19.1,15.78,,0,NO_VCP,31.24,4.23,,SETUP,27.83,1.43,28.6
BIST,KERVN,4.71,4.59,4.63,,3,FORMING,4.92,4.27,,SETUP,4.38,1.27,-14.28
BIST,ECOGR,7.83,7.76,7.64,,5,FORMING,8.18,4.28,,SETUP,7.28,0.93,-18.28
BIST,ISKPL,17.12,10.88,9.5,,0,NO_VCP,17.9,4.36,,SETUP,15.92,0.42,37.32
BIST,PSGYO,3.05,2.71,2.76,,0,NO_VCP,3.19,4.39,,SETUP,2.84,2.18,-3.08
BIST,FROTO,104.9,97.37,96.1,,0,NO_VCP,109.8,4.46,,SETUP,97.56,1.97,-6.86
BIST,TCKRC,94.05,68.69,63.39,,0,NO_VCP,98.45,4.47,,SETUP,87.47,1.08,3.84
BIST,AGHOL,31.04,29.45,29.16,,5,FORMING,32.5,4.49,,SETUP,28.87,0.74,-15.4
BIST,TMPOL,628.0,355.74,291.61,,0,NO_VCP,657.5,4.49,,SETUP,584.04,2.95,37.86
BIST,ARASE,101.1,74.06,69.5,,6,FORMING,106.0,4.62,,SETUP,94.02,0.31,18.22
BIST,GWIND,10.17,9.93,9.91,,2,FORMING,10.67,4.69,,SETUP,9.46,1.82,-13.36
BIST,KRPLS,8.69,8.46,8.29,,4,FORMING,9.12,4.71,,SETUP,8.08,2.01,-19.91
BIST,KERVT,24.64,16.32,15.66,,0,NO_VCP,25.86,4.72,,SETUP,22.92,1.21,55.23
BIST,HALKB,39.86,36.34,33.95,,0,NO_VCP,41.86,4.78,,SETUP,37.07,1.09,-16.43
BIST,AEFES,18.44,16.54,16.42,,0,NO_VCP,19.37,4.8,,SETUP,17.15,1.64,-5.12
BIST,ISCTR,14.45,14.17,14.27,,5,FORMING,15.19,4.87,,SETUP,13.44,0.86,-14.84
BIST,VAKBN,4.65,3.8,3.76,,0,NO_VCP,4.89,4.91,,SETUP,4.32,0.77,19.84
BIST,PETKM,21.98,18.18,18.19,,0,NO_VCP,23.12,4.93,,SETUP,20.44,1.11,13.65
BIST,LMKDC,139.2,74.51,68.32,,0,NO_VCP,146.5,4.98,,SETUP,129.46,0.88,61.22
BIST,TOASO,283.75,257.09,246.05,,0,NO_VCP,298.67,5.0,,SETUP,263.89,0.8,-5.04
US,CDP,32.63,30.08,29.66,50.0,6,FORMING,32.96,1.0,False,SETUP,30.35,1.07,
US,EXPD,147.01,141.93,135.93,50.0,7,FORMING,148.51,1.01,False,SETUP,136.72,0.92,
US,H,164.08,154.42,151.77,50.0,0,NO_VCP,165.75,1.01,False,SETUP,152.59,1.23,
US,OMC,78.76,76.91,76.46,50.0,5,FORMING,79.56,1.01,False,SETUP,73.25,0.49,
US,NVDA,198.35,184.3,181.53,50.0,0,NO_VCP,200.4,1.02,False,SETUP,184.47,0.81,
US,STLD,195.75,168.36,158.68,50.0,5,FORMING,197.83,1.05,False,SETUP,182.05,0.67,
US,RF,27.92,26.76,26.5,50.0,5,FORMING,28.22,1.06,False,SETUP,25.97,1.1,
US,GRMN,264.36,224.61,225.61,50.0,4,FORMING,267.23,1.07,False,SETUP,245.85,0.84,
US,DY,400.38,340.4,320.19,50.0,0,NO_VCP,404.77,1.08,False,SETUP,372.35,0.84,
US,HSIC,77.21,73.29,72.38,50.0,5,FORMING,78.06,1.09,False,SETUP,71.81,0.77,
US,IDA,148.08,133.85,131.11,50.0,5,FORMING,149.73,1.1,False,SETUP,137.71,0.81,
US,R,221.38,192.06,188.71,50.0,6,FORMING,223.84,1.1,False,SETUP,205.88,1.09,
US,FAF,63.82,63.49,63.19,50.0,4,FORMING,64.55,1.13,False,SETUP,59.35,0.6,
US,GOOGL,336.02,296.02,271.69,50.0,5,FORMING,339.88,1.14,False,SETUP,312.5,0.68,
US,TCBI,102.45,92.48,90.69,50.0,4,FORMING,103.63,1.14,False,SETUP,95.28,0.69,
US,COHR,328.0,187.9,165.34,50.0,0,NO_VCP,332.0,1.2,False,SETUP,305.04,0.72,
US,OGS,89.68,81.72,79.86,50.0,4,FORMING,90.78,1.21,False,SETUP,83.4,0.64,
US,MP,62.3,61.84,61.66,50.0,0,NO_VCP,63.1,1.27,False,SETUP,57.94,0.87,
US,WCC,307.87,260.32,247.55,50.0,5,FORMING,312.0,1.32,False,SETUP,286.32,0.7,
US,APD,297.24,268.26,274.1,50.0,5,FORMING,301.25,1.33,False,SETUP,276.43,0.64,
US,CNO,42.98,41.16,40.33,50.0,5,FORMING,43.56,1.33,False,SETUP,39.97,0.41,
US,WBD,27.39,25.14,21.88,50.0,5,TIGHT,27.76,1.33,False,SETUP,25.47,0.94,
US,HAS,93.35,85.23,83.45,50.0,5,FORMING,94.62,1.34,False,SETUP,86.82,0.83,
US,ALGM,38.22,31.23,31.64,50.0,0,NO_VCP,38.75,1.37,False,SETUP,35.54,0.9,
US,GOOG,332.77,296.2,272.02,50.0,5,FORMING,337.38,1.37,False,SETUP,309.48,0.68,
US,CINF,163.36,161.6,158.88,50.0,4,FORMING,165.64,1.38,False,SETUP,151.92,0.7,
US,LFUS,386.28,292.1,280.85,50.0,6,FORMING,391.68,1.38,False,SETUP,359.24,0.66,
US,MAR,362.42,305.94,296.87,50.0,5,FORMING,367.5,1.38,False,SETUP,337.05,1.0,
US,JPM,309.95,306.99,303.57,50.0,5,FORMING,314.32,1.39,False,SETUP,288.25,0.6,
US,UMBF,120.55,117.19,116.36,50.0,4,TIGHT,122.26,1.4,False,SETUP,112.11,0.85,
US,AAPL,263.4,262.36,251.83,50.0,5,FORMING,267.16,1.41,False,SETUP,244.96,1.01,
US,TWLO,136.96,121.98,120.26,50.0,0,NO_VCP,139.0,1.47,False,SETUP,127.37,0.88,
US,PFG,93.98,87.62,85.55,50.0,6,FORMING,95.39,1.48,False,SETUP,87.4,0.75,
US,ZION,61.54,57.0,56.53,50.0,6,FORMING,62.47,1.49,False,SETUP,57.23,0.52,
US,KEYS,329.96,220.35,206.4,50.0,4,FORMING,334.99,1.5,False,SETUP,306.86,0.74,
US,IBKR,79.38,68.96,67.32,50.0,0,NO_VCP,80.69,1.63,False,SETUP,73.82,0.91,
US,ODFL,213.57,165.36,163.05,50.0,5,FORMING,217.1,1.63,False,SETUP,198.62,1.01,
US,FTV,59.65,53.76,52.69,50.0,5,FORMING,60.64,1.64,False,SETUP,55.47,0.81,
US,ASB,27.45,26.19,26.03,50.0,5,FORMING,27.91,1.65,False,SETUP,25.53,0.54,
US,BURL,337.29,289.45,285.52,50.0,3,FORMING,342.97,1.66,False,SETUP,313.68,0.51,
US,NDSN,276.7,253.2,244.66,50.0,6,FORMING,281.37,1.66,False,SETUP,257.33,1.0,
US,ROIV,29.19,22.33,19.68,50.0,5,FORMING,29.69,1.68,False,SETUP,27.15,1.08,
US,EVR,357.52,326.89,321.19,50.0,0,NO_VCP,363.83,1.73,False,SETUP,332.49,0.59,
US,MTSI,261.42,188.77,174.81,50.0,0,NO_VCP,266.05,1.74,False,SETUP,243.12,0.81,
US,FCX,68.28,51.79,49.76,50.0,5,FORMING,69.5,1.76,False,SETUP,63.5,0.6,
US,HST,20.57,18.21,17.75,50.0,5,FORMING,20.94,1.77,False,SETUP,19.13,0.74,
US,JHG,51.56,46.97,45.91,50.0,3,TIGHT,52.49,1.77,True,SETUP,47.95,0.21,
US,STT,141.9,123.7,120.54,50.0,5,FORMING,144.48,1.79,False,SETUP,131.97,1.24,
US,WDC,361.69,205.3,172.65,50.0,0,NO_VCP,368.4,1.82,False,SETUP,336.37,0.61,
US,WTFC,145.24,138.74,136.94,50.0,5,TIGHT,147.95,1.83,False,SETUP,135.07,0.81,
US,MU,457.23,302.52,256.56,50.0,0,NO_VCP,465.78,1.84,False,SETUP,425.22,0.64,
US,SF,80.76,79.16,78.0,50.0,3,FORMING,82.27,1.84,False,SETUP,75.11,0.8,
US,SR,93.54,86.15,83.51,50.0,4,FORMING,95.31,1.86,False,SETUP,86.99,0.95,
US,L,109.84,104.75,101.94,50.0,5,FORMING,111.93,1.87,False,SETUP,102.15,0.77,
US,VLY,13.09,11.74,11.25,50.0,4,FORMING,13.34,1.87,False,SETUP,12.17,0.62,
US,KEY,21.67,19.78,19.44,50.0,4,FORMING,22.08,1.88,False,SETUP,20.15,1.38,
US,CFG,64.41,57.48,55.35,50.0,4,FORMING,65.65,1.89,False,SETUP,59.9,1.53,
US,LSTR,171.45,143.21,141.13,50.0,5,FORMING,174.75,1.89,False,SETUP,159.45,0.92,
US,MGM,38.49,34.99,35.52,50.0,4,FORMING,39.23,1.89,False,SETUP,35.8,0.72,
US,TER,365.92,223.71,193.98,50.0,6,FORMING,373.0,1.9,False,SETUP,340.31,0.59,
US,YUM,159.52,153.23,151.58,50.0,6,FORMING,162.61,1.9,False,SETUP,148.35,1.05,
US,CMI,608.89,511.77,477.25,50.0,5,FORMING,620.78,1.92,False,SETUP,566.27,1.04,
US,PPL,39.34,36.63,36.44,50.0,5,FORMING,40.11,1.92,False,SETUP,36.59,1.28,
US,PWR,587.42,475.92,453.78,50.0,5,FORMING,599.0,1.93,False,SETUP,546.3,0.61,
US,ULS,89.61,78.99,76.27,50.0,0,NO_VCP,91.38,1.94,False,SETUP,83.34,0.44,
US,ETR,115.51,98.25,95.52,50.0,4,FORMING,117.81,1.95,False,SETUP,107.42,0.72,
US,PLD,142.17,128.2,123.33,50.0,4,FORMING,145.0,1.95,False,SETUP,132.22,0.96,
US,CTRE,39.5,36.97,35.85,50.0,5,FORMING,40.29,1.96,False,SETUP,36.73,0.36,
US,LIN,499.22,455.87,459.99,50.0,5,FORMING,509.23,1.97,False,SETUP,464.27,0.67,
US,HPE,25.89,23.18,22.73,50.0,5,FORMING,26.42,2.02,False,SETUP,24.08,0.84,
US,MNST,75.36,74.17,71.05,50.0,5,FORMING,76.93,2.04,False,SETUP,70.08,1.01,
US,ROST,221.97,182.31,172.04,50.0,4,FORMING,226.64,2.06,False,SETUP,206.43,0.6,
US,KNX,64.33,51.58,49.7,50.0,4,FORMING,65.71,2.1,False,SETUP,59.83,1.44,
US,FITB,49.52,46.64,45.81,50.0,5,FORMING,50.59,2.12,False,SETUP,46.05,0.75,
US,NI,47.72,43.89,43.28,50.0,4,FORMING,48.76,2.13,False,SETUP,44.38,1.2,
US,CAH,213.1,197.7,187.09,50.0,5,FORMING,217.77,2.14,False,SETUP,198.18,0.71,
US,SYF,75.17,74.45,73.78,50.0,5,FORMING,76.81,2.14,False,SETUP,69.91,0.75,
US,OHI,46.58,44.18,43.11,50.0,4,FORMING,47.62,2.18,False,SETUP,43.32,1.27,
US,ONB,23.29,22.45,22.36,50.0,6,FORMING,23.81,2.18,False,SETUP,21.66,0.62,
US,SSB,97.4,95.89,96.28,50.0,6,FORMING,99.57,2.18,False,SETUP,90.58,0.38,
US,GXO,57.07,54.56,53.78,50.0,5,FORMING,58.35,2.19,False,SETUP,53.08,0.83,
US,LNT,72.77,68.04,67.13,50.0,5,FORMING,74.4,2.19,False,SETUP,67.68,1.04,
US,GHC,1122.73,1093.03,1069.21,50.0,5,FORMING,1147.94,2.2,False,SETUP,1044.14,0.53,
US,GAP,26.08,25.07,24.14,50.0,5,FORMING,26.67,2.21,False,SETUP,24.25,0.46,
US,AVT,72.3,55.01,54.77,50.0,0,NO_VCP,73.94,2.22,False,SETUP,67.24,1.16,
US,PEN,331.47,303.88,290.56,50.0,6,TIGHT,338.98,2.22,True,SETUP,308.27,0.26,
US,THG,178.35,176.99,175.19,50.0,6,FORMING,182.4,2.22,False,SETUP,165.87,0.6,
US,SWX,91.36,82.84,81.55,50.0,5,FORMING,93.44,2.23,False,SETUP,84.96,0.79,
US,SCI,83.03,80.59,80.3,50.0,4,FORMING,84.93,2.24,False,SETUP,77.22,0.95,
US,USB,55.48,51.96,50.66,50.0,4,FORMING,56.76,2.26,False,SETUP,51.6,1.29,
US,GM,78.05,73.53,68.83,50.0,4,FORMING,79.86,2.27,False,SETUP,72.59,0.78,
US,HIG,138.28,134.2,132.47,50.0,5,FORMING,141.5,2.28,False,SETUP,128.6,0.73,
US,CB,328.42,305.17,297.56,50.0,5,FORMING,336.14,2.3,False,SETUP,305.43,1.05,
US,ROK,402.81,381.51,372.49,50.0,4,FORMING,412.28,2.3,False,SETUP,374.61,0.7,
US,AEP,134.56,121.24,118.35,50.0,6,FORMING,137.74,2.31,False,SETUP,125.14,0.76,
US,FFIV,308.06,280.02,287.37,50.0,0,NO_VCP,315.34,2.31,False,SETUP,286.5,0.85,
US,HWC,66.76,63.9,63.12,50.0,5,FORMING,68.34,2.31,False,SETUP,62.09,0.61,
US,COLB,28.97,27.84,27.18,50.0,5,FORMING,29.66,2.33,False,SETUP,26.94,0.59,
US,JAZZ,197.83,162.72,151.42,50.0,5,FORMING,202.58,2.34,False,SETUP,183.98,2.22,
US,ATO,187.98,174.94,171.26,50.0,4,FORMING,192.51,2.35,False,SETUP,174.82,0.85,
US,BKH,76.83,69.0,66.4,50.0,0,NO_VCP,78.69,2.36,False,SETUP,71.45,0.59,
US,MOG.A,313.96,259.47,242.35,50.0,5,FORMING,321.56,2.36,False,SETUP,291.98,0.75,
US,VICR,203.1,121.34,102.96,50.0,0,NO_VCP,208.0,2.36,False,SETUP,188.88,0.75,
US,RMBS,120.03,99.6,92.39,50.0,0,NO_VCP,122.95,2.37,False,SETUP,111.63,0.55,
US,FCN,182.25,168.11,167.88,50.0,3,FORMING,186.7,2.38,False,SETUP,169.49,0.7,
US,AMG,299.41,275.98,260.79,50.0,5,FORMING,306.74,2.39,False,SETUP,278.45,0.85,
US,PNC,220.07,205.85,203.46,50.0,4,FORMING,225.47,2.39,False,SETUP,204.67,0.6,
US,APG,44.39,39.46,38.33,50.0,5,FORMING,45.48,2.4,False,SETUP,41.28,0.64,
US,TRV,298.84,286.88,281.48,50.0,4,FORMING,306.26,2.42,False,SETUP,277.92,0.91,
US,EWBC,115.91,109.56,108.31,50.0,4,FORMING,118.81,2.44,False,SETUP,107.8,0.72,
US,TPR,150.69,127.62,121.42,50.0,6,FORMING,154.48,2.45,False,SETUP,140.14,0.63,
US,RGA,208.73,199.49,197.62,50.0,2,FORMING,214.0,2.46,False,SETUP,194.12,0.67,
US,TFC,49.43,47.58,46.92,50.0,5,FORMING,50.68,2.47,False,SETUP,45.97,1.01,
US,SATS,132.5,97.54,82.51,50.0,0,NO_VCP,135.88,2.49,False,SETUP,123.23,0.35,
US,NVST,26.94,23.18,22.5,50.0,5,FORMING,27.63,2.5,False,SETUP,25.05,0.64,
US,NWE,73.3,65.02,62.44,50.0,0,NO_VCP,75.18,2.5,False,SETUP,68.17,0.7,
US,TSN,63.99,58.48,57.73,50.0,6,FORMING,65.64,2.51,False,SETUP,59.51,0.63,
US,AME,230.24,207.59,201.43,50.0,5,FORMING,236.18,2.52,False,SETUP,214.12,0.45,
US,MUSA,517.45,411.15,407.69,50.0,5,FORMING,530.88,2.53,False,SETUP,481.23,0.5,
US,ALL,213.87,205.43,204.26,50.0,4,FORMING,219.48,2.56,False,SETUP,198.9,0.91,
US,LIVN,65.01,60.39,57.59,50.0,5,FORMING,66.72,2.56,False,SETUP,60.46,0.63,
US,XEL,81.05,78.46,76.75,50.0,5,FORMING,83.18,2.56,False,SETUP,75.38,1.48,
US,ACGL,97.1,93.45,92.51,50.0,4,FORMING,99.68,2.59,False,SETUP,90.3,0.85,
US,BC,77.33,73.29,70.33,50.0,6,FORMING,79.41,2.62,False,SETUP,71.92,1.19,
US,GBCI,47.52,45.99,46.06,50.0,5,FORMING,48.8,2.62,False,SETUP,44.19,0.55,
US,CFR,141.53,131.91,131.63,50.0,6,FORMING,145.35,2.63,False,SETUP,131.62,0.52,
US,EXPE,254.43,243.33,231.26,50.0,0,NO_VCP,261.31,2.63,False,SETUP,236.62,0.59,
US,C,129.34,109.14,105.1,50.0,6,FORMING,132.86,2.65,False,SETUP,120.29,0.61,
US,IBOC,70.55,68.71,69.03,50.0,4,FORMING,72.47,2.65,False,SETUP,65.61,0.44,
US,WEC,116.43,111.87,110.81,50.0,3,FORMING,119.62,2.67,False,SETUP,108.28,0.81,
US,ALLY,41.96,41.29,40.83,50.0,5,FORMING,43.13,2.71,False,SETUP,39.02,1.41,
US,PK,11.18,10.96,10.99,50.0,4,FORMING,11.5,2.74,False,SETUP,10.4,1.66,
US,JBHT,238.32,188.88,178.24,50.0,0,NO_VCP,245.08,2.76,False,SETUP,221.64,2.71,
US,CGNX,54.97,44.35,43.04,50.0,4,FORMING,56.54,2.78,False,SETUP,51.12,0.61,
US,DOV,214.17,196.19,192.65,50.0,5,FORMING,220.3,2.78,False,SETUP,199.18,0.66,
US,IEX,200.71,182.73,179.8,50.0,6,FORMING,206.46,2.79,False,SETUP,186.66,0.62,
US,PCAR,124.37,111.21,107.99,50.0,4,FORMING,127.94,2.79,False,SETUP,115.66,1.01,
US,VTR,85.51,78.05,75.24,50.0,4,FORMING,87.96,2.79,False,SETUP,79.52,0.84,
US,AMGN,349.39,331.87,322.23,50.0,5,FORMING,359.45,2.8,False,SETUP,324.93,0.72,
US,CMS,78.11,73.63,73.22,50.0,2,FORMING,80.36,2.8,False,SETUP,72.64,1.11,
US,AEE,112.28,104.84,103.52,50.0,4,FORMING,115.53,2.81,False,SETUP,104.42,0.8,
US,MSM,94.17,88.75,88.73,50.0,5,FORMING,96.9,2.82,False,SETUP,87.58,0.4,
US,CNP,43.21,40.18,39.53,50.0,5,FORMING,44.47,2.83,False,SETUP,40.19,0.88,
US,GEV,978.32,704.71,678.93,50.0,5,FORMING,1007.38,2.88,False,SETUP,909.84,0.57,
US,MKSI,269.89,185.48,164.65,50.0,0,NO_VCP,277.94,2.9,False,SETUP,251.0,1.34,
US,AVNT,37.63,34.22,34.36,50.0,5,FORMING,38.76,2.92,False,SETUP,35.0,0.63,
US,AMKR,62.9,41.26,36.69,50.0,0,NO_VCP,64.8,2.93,False,SETUP,58.5,1.54,
US,DTE,146.97,138.8,138.33,50.0,5,FORMING,151.4,2.93,False,SETUP,136.68,0.8,
US,GNRC,207.41,178.27,177.39,50.0,5,FORMING,213.72,2.95,False,SETUP,192.89,0.59,
US,NJR,55.98,49.26,48.56,50.0,5,FORMING,57.7,2.98,False,SETUP,52.06,0.36,
US,GS,900.0,850.36,819.18,50.0,4,FORMING,927.79,3.0,False,SETUP,837.0,0.81,
US,OGE,48.62,45.4,45.24,50.0,5,FORMING,50.13,3.01,False,SETUP,45.22,0.67,
US,MTB,216.95,203.47,201.48,50.0,5,FORMING,223.73,3.03,False,SETUP,201.76,0.66,
US,DD,46.75,41.13,38.64,50.0,4,FORMING,48.22,3.05,False,SETUP,43.48,0.54,
US,GILD,138.55,129.62,125.67,50.0,5,FORMING,142.97,3.09,False,SETUP,128.85,0.58,
US,SON,55.27,46.93,46.77,50.0,6,FORMING,57.05,3.12,False,SETUP,51.4,0.79,
US,ST,38.66,33.67,33.19,50.0,4,FORMING,39.91,3.13,False,SETUP,35.95,1.51,
US,HON,229.38,211.82,211.85,50.0,6,FORMING,236.83,3.15,False,SETUP,213.32,0.81,
US,TT,460.27,420.18,423.37,50.0,5,FORMING,475.25,3.15,False,SETUP,428.05,0.98,
US,CAT,772.66,617.38,567.57,50.0,5,FORMING,798.54,3.24,False,SETUP,718.57,0.68,
US,HXL,82.99,76.27,72.51,50.0,5,FORMING,85.79,3.26,False,SETUP,77.18,0.94,
US,TXT,90.27,88.05,86.28,50.0,7,FORMING,93.33,3.28,False,SETUP,83.95,0.43,
US,UBSI,43.22,39.45,38.9,50.0,4,FORMING,44.69,3.29,False,SETUP,40.19,0.46,
US,BYD,85.25,83.46,83.55,50.0,5,FORMING,88.2,3.34,False,SETUP,79.28,1.08,
US,ITW,265.61,260.9,260.72,50.0,6,FORMING,274.78,3.34,False,SETUP,247.02,0.77,
US,DKS,217.86,211.76,212.74,50.0,0,NO_VCP,225.4,3.35,False,SETUP,202.61,1.02,
US,FE,50.58,47.17,45.96,50.0,4,FORMING,52.34,3.36,False,SETUP,47.04,0.85,
US,BAC,53.51,52.15,51.12,50.0,3,FORMING,55.4,3.41,False,SETUP,49.76,0.91,
US,UGI,37.15,36.25,36.04,50.0,6,FORMING,38.46,3.41,False,SETUP,34.55,0.54,
US,GMED,92.76,80.88,75.11,50.0,5,FORMING,96.04,3.42,False,SETUP,86.27,0.68,
US,ENTG,135.92,103.19,98.17,50.0,0,NO_VCP,140.82,3.48,False,SETUP,126.41,0.83,
US,KLAC,1734.85,1313.88,1211.64,50.0,6,FORMING,1798.0,3.51,False,SETUP,1613.41,0.89,
US,AIT,284.39,264.92,264.3,50.0,5,FORMING,294.81,3.53,False,SETUP,264.48,0.47,
US,FHN,23.98,23.1,22.85,50.0,4,FORMING,24.86,3.54,False,SETUP,22.3,1.14,
US,ENS,193.88,149.84,136.16,50.0,4,FORMING,201.04,3.56,False,SETUP,180.31,0.53,
US,FHI,56.95,53.04,52.33,50.0,4,FORMING,59.05,3.56,False,SETUP,52.96,0.98,
US,CIEN,495.17,254.33,213.66,50.0,0,NO_VCP,513.49,3.57,False,SETUP,460.51,0.72,
US,FTI,72.8,51.47,47.54,50.0,7,FORMING,75.52,3.6,False,SETUP,67.7,0.65,
US,AEIS,372.23,246.66,221.55,50.0,5,FORMING,386.25,3.63,False,SETUP,346.17,0.79,
US,MTZ,358.14,244.16,227.66,50.0,4,FORMING,371.62,3.63,False,SETUP,333.07,0.64,
US,POR,52.63,48.95,47.15,50.0,4,FORMING,54.62,3.64,False,SETUP,48.95,0.41,
US,TKR,103.92,89.12,86.15,50.0,5,FORMING,107.84,3.64,False,SETUP,96.65,0.85,
US,LHX,353.41,318.34,306.15,50.0,5,FORMING,366.79,3.65,False,SETUP,328.67,0.8,
US,SO,94.9,92.32,92.61,50.0,4,FORMING,98.49,3.65,False,SETUP,88.26,0.64,
US,WTS,299.75,289.73,283.49,50.0,5,FORMING,311.11,3.65,False,SETUP,278.77,1.05,
US,ELS,64.27,63.05,62.48,50.0,5,TIGHT,66.71,3.66,False,SETUP,59.77,0.82,
US,ETN,392.73,358.69,359.54,50.0,4,FORMING,407.83,3.7,False,SETUP,365.24,0.57,
US,VNOM,47.25,40.54,39.91,50.0,7,FORMING,49.08,3.73,True,SETUP,43.94,0.78,
US,MS,187.32,169.33,163.14,50.0,0,NO_VCP,194.59,3.74,False,SETUP,174.21,1.04,
US,CW,719.99,609.4,578.48,50.0,4,FORMING,748.14,3.76,False,SETUP,669.59,1.11,
US,WMT,124.82,114.58,110.57,50.0,5,FORMING,129.69,3.76,False,SETUP,116.08,0.97,
US,EMR,140.37,137.61,137.6,50.0,4,FORMING,145.87,3.77,False,SETUP,130.54,1.06,
US,USFD,89.8,81.99,81.48,50.0,4,FORMING,93.35,3.8,False,SETUP,83.51,0.67,
US,EVRG,82.0,77.38,75.73,50.0,4,FORMING,85.27,3.83,False,SETUP,76.26,1.09,
US,EME,792.25,689.04,666.52,50.0,4,FORMING,823.88,3.84,False,SETUP,736.79,0.79,
US,JCI,137.55,121.7,117.92,50.0,6,FORMING,143.14,3.91,False,SETUP,127.92,0.82,
US,FIX,1605.97,1096.9,984.21,50.0,0,NO_VCP,1671.95,3.95,False,SETUP,1493.55,0.7,
US,LECO,252.48,250.41,246.17,50.0,5,FORMING,262.89,3.96,False,SETUP,234.81,0.64,
US,KO,75.18,72.3,71.6,50.0,5,FORMING,78.29,3.97,False,SETUP,69.92,0.58,
US,HGV,46.01,43.71,44.42,50.0,0,NO_VCP,47.92,3.98,False,SETUP,42.79,0.73,
US,PH,957.0,874.44,839.1,50.0,6,FORMING,997.42,4.05,False,SETUP,890.01,0.71,
US,AHR,50.58,47.45,45.49,50.0,3,FORMING,52.72,4.06,False,SETUP,47.04,0.67,
US,BDC,126.37,122.01,122.82,50.0,6,FORMING,131.72,4.06,False,SETUP,117.52,0.63,
US,D,62.48,61.06,60.6,50.0,5,FORMING,65.13,4.07,False,SETUP,58.11,1.07,
US,DUK,128.63,123.94,123.24,50.0,3,FORMING,134.13,4.1,False,SETUP,119.63,0.54,
US,ORA,112.52,110.86,105.48,50.0,4,FORMING,117.33,4.1,False,SETUP,104.64,0.67,
US,ARW,171.84,127.34,127.15,50.0,0,NO_VCP,179.28,4.15,False,SETUP,159.81,0.64,
US,TNL,76.18,68.46,66.29,50.0,4,FORMING,79.49,4.16,False,SETUP,70.85,1.33,
US,GEF,68.06,66.14,66.06,50.0,4,FORMING,71.03,4.18,False,SETUP,63.3,0.45,
US,GWW,1133.52,1033.25,1027.6,50.0,6,FORMING,1183.01,4.18,False,SETUP,1054.17,0.87,
US,FNB,17.4,16.79,16.55,50.0,5,FORMING,18.16,4.19,False,SETUP,16.18,1.22,
US,WLK,119.0,86.21,85.55,50.0,5,FORMING,124.23,4.21,False,SETUP,110.67,0.93,
US,TDY,635.76,578.37,569.36,50.0,4,FORMING,663.95,4.25,False,SETUP,591.26,0.95,
US,AMAT,389.9,284.58,258.21,50.0,5,FORMING,407.29,4.27,False,SETUP,362.61,0.78,
US,CCK,104.28,101.68,101.66,50.0,5,FORMING,109.0,4.33,False,SETUP,96.98,1.12,
US,SPXC,215.27,207.29,201.55,50.0,6,FORMING,225.06,4.35,False,SETUP,200.2,0.76,
US,MO,64.94,62.87,62.86,50.0,5,FORMING,67.93,4.4,False,SETUP,60.39,0.45,
US,UTHR,580.51,482.12,440.05,50.0,6,FORMING,607.89,4.5,False,SETUP,539.87,0.67,
US,REGN,746.0,710.37,673.54,50.0,6,FORMING,781.21,4.51,False,SETUP,693.78,0.78,
US,RL,369.7,345.94,332.97,50.0,5,FORMING,387.26,4.53,False,SETUP,343.82,0.49,
US,NEE,91.83,85.09,82.11,50.0,5,FORMING,96.21,4.55,False,SETUP,85.4,0.86,
US,BWXT,230.8,195.62,185.9,50.0,5,FORMING,241.82,4.56,False,SETUP,214.64,1.02,
US,NVT,129.7,108.83,102.6,50.0,5,FORMING,135.92,4.57,False,SETUP,120.62,0.88,
US,ENSG,197.72,186.53,179.14,50.0,4,FORMING,207.24,4.59,False,SETUP,183.88,0.43,
US,LRCX,260.96,187.16,165.45,50.0,0,NO_VCP,273.5,4.59,False,SETUP,242.69,0.77,
US,ED,110.52,103.81,103.12,50.0,3,FORMING,115.86,4.61,False,SETUP,102.78,0.5,
US,RTX,195.85,184.54,176.87,50.0,5,FORMING,205.36,4.63,False,SETUP,182.14,0.73,
US,HWM,247.6,215.56,206.69,50.0,4,FORMING,259.82,4.7,False,SETUP,230.27,0.89,
US,LYV,160.59,150.2,151.57,50.0,5,FORMING,168.55,4.72,False,SETUP,149.35,1.55,
US,SNDK,919.47,384.48,300.18,50.0,0,NO_VCP,965.0,4.72,False,SETUP,855.11,0.76,
US,CASY,737.22,605.79,583.08,50.0,6,FORMING,774.23,4.78,False,SETUP,685.61,0.44,
US,CYTK,65.42,61.88,56.09,50.0,4,FORMING,68.71,4.79,False,SETUP,60.84,0.62,
US,NOV,19.18,16.59,15.67,50.0,4,FORMING,20.18,4.96,False,SETUP,17.84,0.91,
US,HUBB,521.71,465.43,456.4,50.0,5,FORMING,548.97,4.97,False,SETUP,485.19,0.77,
BIST,DESA,14.2,12.86,13.01,,0,NO_VCP,14.96,5.08,,WATCHING,13.21,0.73,6.19
BIST,AKSUE,36.82,22.55,21.64,,0,NO_VCP,38.8,5.1,,WATCHING,34.24,0.87,38.76
BIST,RALYH,333.0,195.52,178.13,,0,NO_VCP,351.0,5.13,,WATCHING,309.69,0.93,69.68
BIST,PEKGY,14.53,12.04,10.64,,0,NO_VCP,15.32,5.16,,WATCHING,13.51,1.03,35.09
BIST,EKGYO,21.18,21.15,20.85,,6,FORMING,22.34,5.19,,WATCHING,19.7,0.69,-20.13
BIST,SOKM,53.55,50.94,47.63,,0,NO_VCP,56.5,5.22,,WATCHING,49.8,1.39,-17.16
BIST,VAKFA,13.41,11.81,11.18,,0,NO_VCP,14.15,5.23,,WATCHING,12.47,1.03,4.92
BIST,DERIM,40.84,37.28,38.23,,0,NO_VCP,43.12,5.29,,WATCHING,37.98,0.53,-1.31
BIST,BRKO,14.0,10.41,9.62,,0,NO_VCP,14.8,5.41,,WATCHING,13.02,1.47,32.18
BIST,ONCSM,280.25,237.74,205.34,,0,NO_VCP,296.5,5.48,,WATCHING,260.63,2.31,-16.85
BIST,TATGD,16.55,14.3,14.05,,6,FORMING,17.51,5.48,,WATCHING,15.39,0.76,6.79
BIST,BTCIM,6.7,4.7,4.6,,0,NO_VCP,7.09,5.5,,WATCHING,6.23,0.78,44.37
BIST,DSTKF,2077.0,941.94,846.52,,0,NO_VCP,2200.0,5.59,,WATCHING,1931.61,1.39,197.74
BIST,FRMPL,32.96,16.34,12.88,,6,FORMING,34.92,5.61,,WATCHING,30.65,0.88,1019.0
BIST,KSTUR,2.85,2.73,2.61,,0,NO_VCP,3.02,5.63,,WATCHING,2.65,0.91,-15.71
BIST,RYGYO,34.44,25.05,24.43,,0,NO_VCP,36.56,5.8,,WATCHING,32.03,1.92,24.0
BIST,BIZIM,27.88,27.8,27.82,,0,NO_VCP,29.6,5.81,,WATCHING,25.93,0.93,-23.14
BIST,RYSAS,21.12,16.37,16.76,,0,NO_VCP,22.44,5.88,,WATCHING,19.64,0.81,18.68
BIST,YEOTK,52.0,39.95,39.73,,0,NO_VCP,55.25,5.88,,WATCHING,48.36,0.77,24.65
BIST,AYGAZ,277.5,221.67,207.19,,0,NO_VCP,295.0,5.93,,WATCHING,258.07,0.35,15.43
BIST,ODAS,6.97,5.69,5.71,,0,NO_VCP,7.41,5.94,,WATCHING,6.48,0.48,21.42
BIST,TEKTU,328.5,291.22,282.61,,0,NO_VCP,349.5,6.01,,WATCHING,305.5,1.45,-8.95
BIST,YATAS,44.06,39.73,37.42,,6,FORMING,46.88,6.02,,WATCHING,40.98,0.78,-8.86
BIST,GARFA,27.2,27.01,26.68,,5,FORMING,28.96,6.08,,WATCHING,25.3,0.9,-22.07
BIST,MAVI,43.18,41.87,41.94,,5,FORMING,45.98,6.09,,WATCHING,40.16,1.12,-20.31
BIST,AKMGY,323.75,225.81,222.88,,0,NO_VCP,345.0,6.16,,WATCHING,301.09,2.33,50.52
BIST,YGGYO,209.5,138.17,125.0,,0,NO_VCP,223.5,6.26,,WATCHING,194.84,0.78,58.03
BIST,AGYO,8.39,7.62,7.58,,5,FORMING,8.97,6.47,,WATCHING,7.8,1.28,2.23
BIST,CWENE,35.0,28.18,25.31,,0,NO_VCP,37.42,6.47,,WATCHING,32.55,0.56,3.19
BIST,EUHOL,12.98,12.11,11.92,,5,FORMING,13.9,6.62,,WATCHING,12.07,0.78,4.67
BIST,KBORU,24.12,16.57,15.91,,0,NO_VCP,25.86,6.73,,WATCHING,22.43,0.81,36.65
BIST,ACSEL,113.7,107.51,109.24,,0,NO_VCP,122.0,6.8,,WATCHING,105.74,0.71,-1.3
BIST,LYDHO,185.0,172.4,160.0,,3,FORMING,198.6,6.85,,WATCHING,172.05,0.69,-7.76
BIST,ULKER,32.08,28.81,30.56,,0,NO_VCP,34.46,6.91,,WATCHING,29.83,3.93,10.21
BIST,KAYSE,4.94,4.62,4.66,,0,NO_VCP,5.32,7.14,,WATCHING,4.59,0.56,-9.95
BIST,TURSG,13.18,11.77,11.14,,0,NO_VCP,14.2,7.18,,WATCHING,12.26,0.77,2.68
BIST,ALCAR,10.29,10.24,10.04,,0,NO_VCP,11.1,7.3,,WATCHING,9.57,1.11,-4.65
BIST,GOLTS,370.5,340.72,341.14,,4,FORMING,400.0,7.38,,WATCHING,344.56,0.52,-4.24
BIST,KRVGD,6.39,6.11,6.03,,0,NO_VCP,6.91,7.53,,WATCHING,5.94,2.53,7.37
BIST,AKCNS,196.1,163.76,157.29,,5,FORMING,212.3,7.63,,WATCHING,182.37,1.13,5.49
BIST,CVKMD,3.37,3.26,3.31,,3,FORMING,3.65,7.67,,WATCHING,3.13,0.93,-1.32
BIST,EGPRO,43.6,27.43,26.51,,0,NO_VCP,47.3,7.82,,WATCHING,40.55,1.48,54.93
BIST,SARKY,27.96,23.64,20.76,,0,NO_VCP,30.34,7.84,,WATCHING,26.0,1.22,-26.87
BIST,PRKAB,40.08,38.42,37.19,,5,FORMING,43.5,7.86,,WATCHING,37.27,0.95,8.1
BIST,NTGAZ,12.56,10.74,10.57,,4,FORMING,13.64,7.92,,WATCHING,11.68,0.71,11.7
BIST,DENGE,26.0,25.05,25.58,,0,NO_VCP,28.26,8.0,,WATCHING,24.18,1.1,0.89
BIST,KRDMD,36.1,28.36,28.12,,0,NO_VCP,39.24,8.0,,WATCHING,33.57,1.16,17.15
BIST,OZATD,265.75,195.13,201.04,,0,NO_VCP,289.0,8.04,,WATCHING,247.15,0.92,58.99
BIST,VKGYO,2.69,2.64,2.63,,0,NO_VCP,2.93,8.19,,WATCHING,2.5,1.15,-11.37
BIST,ERSU,25.68,19.58,19.02,,0,NO_VCP,27.98,8.22,,WATCHING,23.88,0.76,18.11
BIST,LILAK,40.18,30.62,29.69,,0,NO_VCP,43.86,8.39,,WATCHING,37.37,1.33,11.13
BIST,ULUUN,7.85,7.31,7.41,,0,NO_VCP,8.57,8.4,,WATCHING,7.3,1.1,4.75
BIST,ARMGD,144.6,69.76,60.81,,0,NO_VCP,158.0,8.48,,WATCHING,134.48,0.31,66.46
BIST,IZFAS,51.2,45.3,44.58,,4,FORMING,56.0,8.57,,WATCHING,47.62,1.37,-18.75
BIST,MTRYO,9.27,9.26,8.85,,7,FORMING,10.15,8.67,,WATCHING,8.62,0.87,-41.79
BIST,A1YEN,33.96,30.73,30.78,,0,NO_VCP,37.22,8.76,,WATCHING,31.58,0.33,-2.02
BIST,ASTOR,196.7,137.46,129.76,,0,NO_VCP,215.7,8.81,,WATCHING,182.93,1.35,14.65
BIST,KOPOL,6.29,6.06,6.09,,0,NO_VCP,6.9,8.84,,WATCHING,5.85,0.77,-1.64
BIST,EGGUB,122.0,104.2,104.29,,4,FORMING,134.1,9.02,,WATCHING,113.46,0.62,21.75
BIST,AZTEK,4.57,4.56,4.55,,0,NO_VCP,5.03,9.15,,WATCHING,4.25,0.79,-6.19
BIST,MSGYO,8.61,6.34,6.12,,0,NO_VCP,9.48,9.18,,WATCHING,8.01,0.81,29.75
BIST,SDTTR,215.5,200.2,196.74,,0,NO_VCP,237.3,9.19,,WATCHING,200.42,2.15,-7.7
BIST,AYES,30.0,19.93,19.11,,6,FORMING,33.04,9.2,,WATCHING,27.9,1.58,56.03
BIST,SANFM,27.02,25.32,23.88,,0,NO_VCP,29.76,9.21,,WATCHING,25.13,1.04,-4.17
BIST,AVTUR,19.67,16.71,16.2,,6,FORMING,21.68,9.27,,WATCHING,18.29,0.95,-0.6
BIST,AKFIS,45.9,26.26,25.46,,0,NO_VCP,50.7,9.47,,WATCHING,42.69,0.7,107.02
BIST,AKSGY,8.8,8.14,7.93,,0,NO_VCP,9.76,9.84,,WATCHING,8.18,0.45,-6.3
BIST,BYDNR,40.0,29.48,28.0,,0,NO_VCP,44.4,9.91,,WATCHING,37.2,1.74,5.77
BIST,EUYO,18.0,15.2,14.45,,0,NO_VCP,20.0,10.0,,WATCHING,16.74,1.02,15.85
BIST,POLHO,22.72,17.91,14.49,,0,NO_VCP,25.3,10.2,,WATCHING,21.13,1.75,18.98
BIST,AKGRT,7.43,7.19,7.09,,6,FORMING,8.28,10.27,,WATCHING,6.91,0.88,-14.05
BIST,ARTMS,43.6,40.8,38.82,,5,FORMING,48.66,10.4,,WATCHING,40.55,0.79,13.39
BIST,BAKAB,46.04,39.48,39.41,,0,NO_VCP,51.4,10.43,,WATCHING,42.82,0.72,2.94
BIST,SKYMD,13.41,12.7,13.36,,0,NO_VCP,14.98,10.48,,WATCHING,12.47,0.38,-0.5
BIST,KLKIM,36.88,35.81,34.7,,5,FORMING,41.24,10.57,,WATCHING,34.3,1.11,-11.77
BIST,CEMZY,69.65,49.71,42.06,,0,NO_VCP,78.0,10.71,,WATCHING,64.77,0.95,8.11
BIST,PNSUT,76.6,76.38,75.98,,0,NO_VCP,85.95,10.88,,WATCHING,71.24,0.55,-5.38
BIST,DURKN,19.24,16.71,16.51,,0,NO_VCP,21.6,10.93,,WATCHING,17.89,0.5,1.15
BIST,OYAYO,54.7,50.66,46.67,,5,FORMING,61.5,11.06,,WATCHING,50.87,1.26,-6.61
BIST,GLRMK,232.0,181.05,174.81,,0,NO_VCP,261.0,11.11,,WATCHING,215.76,2.01,13.68
BIST,AYDEM,29.48,22.6,21.65,,6,FORMING,33.2,11.2,,WATCHING,27.42,0.86,15.72
BIST,AHSGY,18.04,17.22,15.18,,0,NO_VCP,20.32,11.22,,WATCHING,16.78,0.8,-32.71
BIST,LIDER,136.8,78.84,72.2,,0,NO_VCP,154.1,11.23,,WATCHING,127.22,0.75,68.43
BIST,MOPAS,40.9,40.7,39.53,,4,FORMING,46.12,11.32,,WATCHING,38.04,0.48,-26.99
BIST,LIDFA,3.52,2.61,2.48,,0,NO_VCP,3.97,11.34,,WATCHING,3.27,0.7,28.86
BIST,MEPET,23.44,20.04,18.27,,0,NO_VCP,26.46,11.41,,WATCHING,21.8,0.61,6.12
BIST,ULUFA,4.58,4.04,4.01,,0,NO_VCP,5.17,11.41,,WATCHING,4.26,0.55,6.02
BIST,GEDZA,28.9,28.49,27.84,,4,FORMING,32.64,11.46,,WATCHING,26.88,0.77,-12.18
BIST,BRKSN,8.54,8.34,8.29,,0,NO_VCP,9.65,11.5,,WATCHING,7.94,1.31,0.37
BIST,SAFKR,26.3,25.49,24.03,,5,FORMING,29.76,11.63,,WATCHING,24.46,0.66,-23.54
BIST,VBTYZ,20.36,18.79,19.8,,0,NO_VCP,23.08,11.79,,WATCHING,18.93,0.58,18.04
BIST,TAVHL,308.25,295.34,284.51,,6,FORMING,349.5,11.8,,WATCHING,286.67,1.07,-16.64
BIST,OZRDN,35.72,19.04,16.55,,0,NO_VCP,40.68,12.19,,WATCHING,33.22,0.94,116.44
BIST,CATES,44.32,37.5,36.51,,5,FORMING,50.6,12.41,,WATCHING,41.22,0.45,5.1
BIST,BAHKM,133.0,84.42,77.0,,0,NO_VCP,151.9,12.44,,WATCHING,123.69,0.54,38.35
BIST,LYDYE,16192.5,14743.37,14389.69,,0,NO_VCP,18500.0,12.47,,WATCHING,15059.03,1.67,6.29
BIST,GUNDG,874.0,337.74,273.66,,0,NO_VCP,999.5,12.56,,WATCHING,812.82,0.26,281.7
BIST,MIATK,40.46,38.83,38.58,,0,NO_VCP,46.28,12.58,,WATCHING,37.63,0.81,0.12
BIST,SEGMN,58.0,31.79,29.86,,0,NO_VCP,66.35,12.58,,WATCHING,53.94,0.6,128.62
BIST,HEDEF,137.0,79.16,63.67,,0,NO_VCP,156.8,12.63,,WATCHING,127.41,0.48,137.28
BIST,AYEN,36.0,27.69,27.43,,0,NO_VCP,41.3,12.83,,WATCHING,33.48,0.86,30.46
BIST,KLSYN,10.4,7.3,7.03,,0,NO_VCP,11.95,12.97,,WATCHING,9.67,0.71,29.01
BIST,PAGYO,123.5,92.01,88.21,,0,NO_VCP,142.0,13.03,,WATCHING,114.86,0.28,31.99
BIST,DOFRB,103.0,96.08,80.75,,0,NO_VCP,118.7,13.23,,WATCHING,95.79,0.8,5.49
BIST,SMART,31.74,26.52,26.51,,0,NO_VCP,36.6,13.28,,WATCHING,29.52,0.5,27.67
BIST,ESCOM,4.74,3.82,3.7,,0,NO_VCP,5.48,13.5,,WATCHING,4.41,1.62,15.59
BIST,ECILC,109.2,98.81,87.48,,6,FORMING,126.3,13.54,,WATCHING,101.56,0.49,-6.28
BIST,PENGD,9.96,8.91,8.96,,0,NO_VCP,11.58,13.99,,WATCHING,9.26,0.47,13.07
BIST,AKFYE,43.1,33.62,33.48,,0,NO_VCP,50.45,14.57,,WATCHING,40.08,0.76,8.79
BIST,BAGFS,34.5,31.13,32.37,,0,NO_VCP,40.5,14.81,,WATCHING,32.09,1.02,19.86
BIST,SKYLP,262.0,234.7,204.18,,0,NO_VCP,309.0,15.21,,WATCHING,243.66,0.89,0.76
BIST,A1CAP,14.2,13.4,12.46,,0,NO_VCP,16.85,15.73,,WATCHING,13.21,1.1,-1.4
BIST,ADEL,42.18,33.88,33.77,,0,NO_VCP,50.45,16.39,,WATCHING,39.23,0.37,7.43
BIST,AFYON,13.85,12.75,12.79,,4,FORMING,16.59,16.52,,WATCHING,12.88,0.47,-1.21
BIST,PNLSN,44.1,42.22,41.73,,6,FORMING,52.9,16.64,,WATCHING,41.01,0.87,2.16
BIST,MOGAN,13.47,9.62,9.64,,0,NO_VCP,16.2,16.85,,WATCHING,12.53,0.71,48.25
BIST,ARSAN,3.58,3.47,3.27,,4,FORMING,4.31,16.94,,WATCHING,3.33,0.8,-18.44
BIST,KRONT,20.6,16.16,15.46,,6,FORMING,24.86,17.14,,WATCHING,19.16,0.64,23.5
BIST,FORTE,98.15,86.13,83.74,,3,FORMING,118.6,17.24,,WATCHING,91.28,0.64,-6.59
BIST,YAPRK,14.92,13.39,13.63,,0,NO_VCP,18.1,17.57,,WATCHING,13.88,0.37,4.81
BIST,IHLAS,3.79,3.76,3.76,,0,NO_VCP,4.6,17.61,,WATCHING,3.52,0.54,-18.9
BIST,PCILT,27.06,24.71,23.23,,0,NO_VCP,32.9,17.75,,WATCHING,25.17,0.54,10.02
BIST,UFUK,1562.0,1536.18,1411.56,,0,NO_VCP,1900.0,17.79,,WATCHING,1452.66,0.58,-19.27
BIST,ISGSY,125.5,89.31,82.59,,6,FORMING,152.9,17.92,,WATCHING,116.72,0.64,60.87
BIST,ENSRI,31.76,23.66,20.66,,0,NO_VCP,38.92,18.4,,WATCHING,29.54,1.19,49.22
BIST,COSMO,205.0,199.81,180.8,,0,NO_VCP,252.0,18.65,,WATCHING,190.65,0.64,-39.11
BIST,MANAS,23.2,13.37,12.1,,0,NO_VCP,28.52,18.65,,WATCHING,21.58,0.52,20.69
BIST,FZLGY,16.41,13.89,13.04,,0,NO_VCP,20.2,18.76,,WATCHING,15.26,0.33,-0.71
BIST,KIMMR,17.45,15.38,14.93,,7,FORMING,21.64,19.36,,WATCHING,16.23,0.38,12.07
BIST,FADE,14.91,14.63,14.48,,0,NO_VCP,18.6,19.84,,WATCHING,13.87,0.44,-5.06
BIST,DMRGD,5.04,3.65,3.73,,0,NO_VCP,6.29,19.87,,WATCHING,4.69,1.11,30.08
BIST,FONET,4.54,3.28,3.08,,0,NO_VCP,5.93,23.44,,WATCHING,4.22,0.72,42.36
BIST,NETAS,7.88,6.2,5.9,,0,NO_VCP,10.58,25.52,,WATCHING,7.33,0.32,20.14
BIST,ATLAS,7.4,7.03,6.71,,0,NO_VCP,9.99,25.93,,WATCHING,6.88,1.25,5.13
BIST,CRFSA,148.3,123.82,114.09,,0,NO_VCP,200.8,26.15,,WATCHING,137.92,0.8,1.08
BIST,NUHCM,243.8,227.44,223.93,,0,NO_VCP,330.32,26.19,,WATCHING,226.73,0.37,3.66
BIST,ULAS,31.52,31.38,29.64,,0,NO_VCP,44.5,29.17,,WATCHING,29.31,0.74,-17.08
BIST,RUBNS,33.42,27.33,25.89,,0,NO_VCP,49.14,31.99,,WATCHING,31.08,1.24,-7.22
BIST,NIBAS,7.8,4.94,4.77,,0,NO_VCP,11.6,32.76,,WATCHING,7.25,1.11,108.57
BIST,TERA,260.25,250.56,218.87,,0,NO_VCP,401.25,35.14,,WATCHING,242.03,1.13,29.45
BIST,MEKAG,5.4,5.07,4.81,,0,NO_VCP,8.5,36.47,,WATCHING,5.02,1.77,28.83
BIST,BLCYT,37.72,34.62,30.95,,0,NO_VCP,61.9,39.06,,WATCHING,35.08,0.55,-19.96
US,FN,672.64,472.03,433.7,50.0,0,NO_VCP,708.2,5.02,False,WATCHING,625.56,0.92,
US,EXC,47.59,46.04,45.52,50.0,3,FORMING,50.11,5.03,False,WATCHING,44.26,1.3,
US,TJX,157.48,151.38,146.18,50.0,3,FORMING,165.82,5.03,False,WATCHING,146.46,0.91,
US,LMT,607.49,545.02,520.32,50.0,6,FORMING,640.0,5.08,False,WATCHING,564.97,0.49,
US,JNJ,234.54,213.29,202.34,50.0,4,FORMING,247.21,5.13,False,WATCHING,218.12,1.11,
US,SNA,366.86,355.48,347.7,50.0,3,FORMING,386.88,5.17,False,WATCHING,341.18,0.61,
US,ITT,212.46,185.8,180.52,50.0,4,FORMING,224.12,5.2,False,WATCHING,197.59,0.49,
US,SRE,95.79,91.17,88.33,50.0,5,FORMING,101.04,5.2,False,WATCHING,89.08,0.75,
US,WFRD,99.26,82.63,76.4,50.0,0,NO_VCP,104.71,5.2,False,WATCHING,92.31,0.7,
US,CTVA,81.16,70.87,71.45,50.0,5,FORMING,85.63,5.22,False,WATCHING,75.48,0.71,
US,BMY,58.96,52.78,51.36,50.0,4,FORMING,62.23,5.25,False,WATCHING,54.83,0.64,
US,CRS,426.16,329.77,312.25,50.0,6,FORMING,450.0,5.3,False,WATCHING,396.33,1.0,
US,RBC,571.61,474.44,453.65,50.0,6,FORMING,603.67,5.31,False,WATCHING,531.6,1.26,
US,PFE,27.22,25.85,25.6,50.0,5,FORMING,28.75,5.32,False,WATCHING,25.31,0.51,
US,RGLD,262.13,230.01,214.38,50.0,4,FORMING,276.99,5.36,False,WATCHING,243.78,0.73,
US,CME,296.22,283.44,281.16,50.0,5,FORMING,313.19,5.42,False,WATCHING,275.48,0.79,
US,MSI,444.46,423.71,429.08,50.0,4,FORMING,469.93,5.42,False,WATCHING,413.35,0.55,
US,DTM,131.76,122.06,117.35,50.0,4,FORMING,139.37,5.46,False,WATCHING,122.54,0.6,
US,TRGP,239.81,193.56,186.73,50.0,4,FORMING,253.87,5.54,False,WATCHING,223.02,0.41,
US,MLI,118.25,112.61,106.83,50.0,4,FORMING,125.24,5.58,False,WATCHING,109.97,0.77,
US,FIVE,225.06,185.17,173.57,50.0,0,NO_VCP,238.4,5.6,False,WATCHING,209.31,0.98,
US,SLB,51.73,42.22,40.36,50.0,7,FORMING,54.8,5.6,False,WATCHING,48.11,0.61,
US,DGX,191.46,188.29,185.06,50.0,5,FORMING,202.91,5.64,False,WATCHING,178.06,0.81,
US,DE,584.19,516.67,512.45,50.0,5,FORMING,619.24,5.66,False,WATCHING,543.3,1.07,
US,HCA,482.97,476.97,453.12,50.0,5,FORMING,512.14,5.7,False,WATCHING,449.16,0.65,
US,ATI,155.83,116.98,108.14,50.0,6,FORMING,165.28,5.72,False,WATCHING,144.92,0.78,
US,FLR,47.88,45.32,45.75,50.0,3,FORMING,50.8,5.75,False,WATCHING,44.53,0.77,
US,DVA,148.13,130.22,132.41,50.0,6,FORMING,157.18,5.76,False,WATCHING,137.76,0.8,
US,DAL,69.89,64.5,62.55,50.0,0,NO_VCP,74.19,5.8,False,WATCHING,65.0,0.66,
US,ARWR,67.98,54.32,45.58,50.0,0,NO_VCP,72.18,5.82,False,WATCHING,63.22,0.93,
US,TTC,92.75,84.11,82.16,50.0,6,FORMING,98.5,5.84,False,WATCHING,86.26,0.96,
US,VRT,294.13,198.27,181.51,50.0,0,NO_VCP,312.46,5.87,False,WATCHING,273.54,0.5,
US,BWA,53.3,48.15,45.83,50.0,3,FORMING,56.65,5.91,True,WATCHING,49.57,0.6,
US,WMB,70.86,64.93,63.21,50.0,3,FORMING,75.37,5.98,False,WATCHING,65.9,0.81,
US,GLW,166.08,104.99,94.13,50.0,0,NO_VCP,176.75,6.04,False,WATCHING,154.45,1.07,
US,EIX,71.6,62.44,60.22,50.0,4,FORMING,76.22,6.06,False,WATCHING,66.59,0.67,
US,IR,83.67,83.25,83.01,50.0,3,FORMING,89.1,6.09,False,WATCHING,77.81,1.05,
US,HII,396.17,355.05,332.22,50.0,6,FORMING,423.09,6.36,False,WATCHING,368.44,0.63,
US,LEA,119.14,114.89,112.12,50.0,4,FORMING,127.3,6.41,False,WATCHING,110.8,0.72,
US,CLH,296.63,252.35,248.58,50.0,5,FORMING,316.98,6.42,False,WATCHING,275.87,1.27,
US,LUV,40.63,39.17,37.59,50.0,0,NO_VCP,43.43,6.45,False,WATCHING,37.79,0.87,
US,VLO,241.74,189.29,178.07,50.0,6,FORMING,258.43,6.46,False,WATCHING,224.82,0.35,
US,DOW,39.92,27.83,27.19,50.0,0,NO_VCP,42.74,6.6,False,WATCHING,37.13,0.76,
US,BKR,60.6,52.75,50.31,50.0,2,FORMING,64.92,6.65,False,WATCHING,56.36,0.77,
US,CNX,39.76,36.91,35.32,50.0,5,FORMING,42.6,6.67,False,WATCHING,36.98,0.7,
US,STRL,441.1,369.28,344.07,50.0,0,NO_VCP,472.61,6.67,False,WATCHING,410.22,0.82,
US,AGCO,115.29,113.52,112.84,50.0,4,FORMING,123.64,6.75,False,WATCHING,107.22,0.82,
US,BG,123.01,103.23,97.44,50.0,4,FORMING,131.93,6.76,False,WATCHING,114.4,0.96,
US,MRK,115.46,103.37,98.22,50.0,5,FORMING,124.0,6.89,False,WATCHING,107.38,1.12,
US,AA,70.41,50.73,45.71,50.0,0,NO_VCP,75.7,6.99,False,WATCHING,65.48,0.79,
US,DAR,60.36,41.97,39.94,50.0,0,NO_VCP,64.9,7.0,False,WATCHING,56.13,0.55,
US,NEM,113.41,101.57,92.77,50.0,4,FORMING,122.0,7.04,False,WATCHING,105.47,0.58,
US,DINO,60.11,53.27,51.44,50.0,6,FORMING,64.7,7.09,False,WATCHING,55.9,0.72,
US,PR,20.42,15.52,15.09,50.0,4,FORMING,21.99,7.14,False,WATCHING,18.99,0.48,
US,MCK,867.34,842.32,806.41,50.0,5,FORMING,934.17,7.15,False,WATCHING,806.63,0.49,
US,LITE,891.22,410.34,336.17,50.0,0,NO_VCP,960.0,7.16,False,WATCHING,828.83,0.82,
US,ONTO,267.15,173.07,155.4,50.0,0,NO_VCP,288.0,7.24,False,WATCHING,248.45,1.6,
US,HAL,38.15,30.3,28.17,50.0,6,FORMING,41.18,7.36,False,WATCHING,35.48,0.44,
US,WAB,255.5,223.14,217.03,50.0,4,FORMING,275.84,7.37,False,WATCHING,237.62,0.77,
US,ADM,68.68,63.83,62.33,50.0,4,FORMING,74.19,7.43,False,WATCHING,63.87,0.51,
US,SAM,244.52,217.86,216.2,50.0,0,NO_VCP,264.46,7.54,False,WATCHING,227.4,0.78,
US,NOC,672.77,633.53,615.79,50.0,5,FORMING,728.0,7.59,False,WATCHING,625.68,0.89,
US,TTMI,116.93,79.49,70.79,50.0,0,NO_VCP,126.71,7.72,False,WATCHING,108.74,0.93,
US,NFG,89.15,85.82,86.0,50.0,3,FORMING,96.71,7.82,False,WATCHING,82.91,0.46,
US,WWD,374.91,314.71,298.63,50.0,4,FORMING,407.0,7.88,False,WATCHING,348.67,1.21,
US,IPGP,120.71,95.3,90.82,50.0,4,FORMING,131.2,8.0,False,WATCHING,112.26,1.32,
US,SMG,62.44,60.29,61.3,50.0,0,NO_VCP,67.88,8.01,False,WATCHING,58.07,0.63,
US,OLN,27.98,23.54,23.05,50.0,0,NO_VCP,30.46,8.14,False,WATCHING,26.02,0.56,
US,PCG,17.37,16.44,15.95,50.0,0,NO_VCP,18.92,8.19,False,WATCHING,16.15,0.77,
US,BIIB,176.02,170.85,161.49,50.0,4,FORMING,192.28,8.46,False,WATCHING,163.7,0.68,
US,KMI,31.79,29.21,28.73,50.0,3,FORMING,34.73,8.47,False,WATCHING,29.56,0.58,
US,FANG,186.65,159.11,155.0,50.0,4,FORMING,204.91,8.91,False,WATCHING,173.58,0.81,
US,FLS,77.83,70.67,66.48,50.0,0,NO_VCP,85.56,9.03,False,WATCHING,72.38,1.19,
US,HL,19.11,18.14,15.38,50.0,0,NO_VCP,21.05,9.22,False,WATCHING,17.77,0.57,
US,RRX,196.07,164.12,160.26,50.0,0,NO_VCP,216.03,9.24,False,WATCHING,182.35,1.31,
US,OSK,143.78,141.62,139.37,50.0,0,NO_VCP,158.61,9.35,False,WATCHING,133.72,1.01,
US,MUR,39.24,32.08,30.2,50.0,7,FORMING,43.34,9.46,False,WATCHING,36.49,0.57,
US,VZ,46.78,43.7,43.57,50.0,5,FORMING,51.68,9.48,False,WATCHING,43.51,0.69,
US,CHRD,133.99,103.47,104.04,50.0,5,FORMING,148.42,9.72,False,WATCHING,124.61,0.46,
US,KR,67.77,66.72,67.68,50.0,4,FORMING,75.08,9.74,False,WATCHING,63.03,0.66,
US,ELAN,23.13,22.71,21.06,50.0,6,FORMING,25.68,9.93,False,WATCHING,21.51,0.61,
US,VAL,94.54,66.44,61.86,50.0,0,NO_VCP,105.34,10.26,False,WATCHING,87.92,0.93,
US,LYB,75.29,53.82,54.79,50.0,0,NO_VCP,83.94,10.3,False,WATCHING,70.02,0.54,
US,COP,121.57,101.59,99.85,50.0,6,FORMING,135.87,10.52,False,WATCHING,113.06,0.66,
US,NYT,77.9,68.69,65.7,50.0,0,NO_VCP,87.1,10.56,False,WATCHING,72.45,1.31,
US,OKE,85.21,76.87,77.06,50.0,5,FORMING,95.3,10.59,False,WATCHING,79.25,0.46,
US,TEX,57.94,56.09,54.71,50.0,0,NO_VCP,64.95,10.79,False,WATCHING,53.88,1.58,
US,AM,21.24,19.47,19.06,50.0,4,FORMING,23.84,10.89,False,WATCHING,19.75,0.56,
US,OVV,55.72,44.25,43.31,50.0,6,FORMING,62.6,10.99,False,WATCHING,51.82,0.56,
US,MPC,226.24,196.4,190.39,50.0,7,FORMING,255.77,11.55,False,WATCHING,210.4,0.78,
US,ANF,92.89,92.08,92.76,50.0,0,NO_VCP,105.22,11.72,False,WATCHING,86.39,0.54,
US,EOG,134.07,116.24,117.15,50.0,5,FORMING,151.87,11.72,False,WATCHING,124.69,1.17,
US,MTDR,58.9,47.11,47.66,50.0,5,FORMING,66.84,11.88,False,WATCHING,54.78,0.41,
US,CF,124.71,93.85,92.81,50.0,0,NO_VCP,141.96,12.15,False,WATCHING,115.98,0.48,
US,CVX,188.15,168.02,164.51,50.0,5,FORMING,214.71,12.37,False,WATCHING,174.98,0.57,
US,RRC,42.27,38.24,37.59,50.0,5,FORMING,48.31,12.5,False,WATCHING,39.31,0.66,
US,DVN,45.78,39.1,37.77,50.0,5,FORMING,52.71,13.15,False,WATCHING,42.58,0.37,
US,CTRA,31.97,27.65,26.78,50.0,4,FORMING,36.88,13.31,False,WATCHING,29.73,0.41,
US,COKE,186.16,159.19,148.29,50.0,0,NO_VCP,215.83,13.75,False,WATCHING,173.13,0.74,
US,XOM,151.98,130.89,125.77,50.0,6,FORMING,176.41,13.85,False,WATCHING,141.34,0.59,
US,PSX,163.33,145.88,141.04,50.0,6,FORMING,190.61,14.31,False,WATCHING,151.9,0.51,
US,EQT,58.39,56.94,56.01,50.0,4,FORMING,68.24,14.43,False,WATCHING,54.3,1.04,
US,OXY,56.87,46.98,46.42,50.0,0,NO_VCP,67.45,15.69,False,WATCHING,52.89,0.51,
US,APA,37.9,27.76,25.9,50.0,0,NO_VCP,45.66,17.0,False,WATCHING,35.25,0.55,
US,AR,37.49,35.2,34.76,50.0,0,NO_VCP,45.75,18.05,False,WATCHING,34.87,0.88,
US,PBF,42.63,34.89,32.4,50.0,0,NO_VCP,52.18,18.3,False,WATCHING,39.65,0.51,
US,NXT,106.83,98.64,89.64,50.0,0,NO_VCP,131.72,18.9,False,WATCHING,99.35,1.07,
US,AKAM,96.81,90.66,87.31,50.0,0,NO_VCP,121.12,20.07,False,WATCHING,90.03,1.11,
US,TPL,426.27,365.04,353.02,50.0,0,NO_VCP,545.0,21.79,False,WATCHING,396.43,0.54,
